url,page_title,status_code,canonical,indexable,page_type,last_checked,notes
https://www.angelsolutionsatl.com,Angel Solutions ATL | Business Funding and Tax Resolution,200,https://www.angelsolutionsatl.com,true,standard,2026-07-10T04:30:29.108238Z,Discovered from sitemap
https://www.angelsolutionsatl.com/credit,Personal Credit Packages | Angel Solutions ATL,200,https://www.angelsolutionsatl.com/credit,true,standard,2026-07-10T04:30:29.470941Z,Discovered from sitemap
https://www.angelsolutionsatl.com/ourservices,Our Services | Angel Solutions,200,https://www.angelsolutionsatl.com/ourservices,true,standard,2026-07-10T04:30:29.796962Z,Discovered from sitemap
https://www.angelsolutionsatl.com/business-solutions,Business Solutions | Angel Solutions ATL,200,https://www.angelsolutionsatl.com/business-solutions,true,standard,2026-07-10T04:30:31.718005Z,Discovered from sitemap
https://www.angelsolutionsatl.com/business-solutions/businesscredit,Business Credit  | Angel Solutions ATL,200,https://www.angelsolutionsatl.com/business-solutions/businesscredit,true,standard,2026-07-10T04:30:34.075307Z,Discovered from sitemap
https://www.angelsolutionsatl.com/taxsolutions,Tax Solutions | Angel Solutions ATL,200,https://www.angelsolutionsatl.com/taxsolutions,true,standard,2026-07-10T04:30:34.356734Z,Discovered from sitemap
https://www.angelsolutionsatl.com/taxresolution,Tax Debt Resolution | Angel Solutions ATL,200,https://www.angelsolutionsatl.com/taxresolution,true,standard,2026-07-10T04:30:34.674323Z,Discovered from sitemap
https://www.angelsolutionsatl.com/copy-of-tax-solutions-1,File Your Taxes  | Angel Solutions ATL,200,https://www.angelsolutionsatl.com/copy-of-tax-solutions-1,true,standard,2026-07-10T04:30:34.905083Z,Discovered from sitemap
https://www.angelsolutionsatl.com/financialsolutions,Personal Credit Packages | Angel Solutions ATL,200,https://www.angelsolutionsatl.com/credit,true,standard,2026-07-10T04:30:35.267160Z,Discovered from sitemap
https://www.angelsolutionsatl.com/funding,Funding | Angel Solutions ATL,200,https://www.angelsolutionsatl.com/funding,true,standard,2026-07-10T04:30:35.724152Z,Discovered from sitemap
https://www.angelsolutionsatl.com/insurancesolutions,Insurance Solutions | Angel Solutions ATL,200,https://www.angelsolutionsatl.com/insurancesolutions,true,standard,2026-07-10T04:30:36.940575Z,Discovered from sitemap
https://www.angelsolutionsatl.com/insurancesolutions/65andup,65+Medicare/Final Expense | Angel Solutions ATL,200,https://www.angelsolutionsatl.com/insurancesolutions/65andup,true,standard,2026-07-10T04:30:39.679941Z,Discovered from sitemap
https://www.angelsolutionsatl.com/insurancesolutions/allages,All Ages Health/Dental/Vision  | Angel Solutions ATL,200,https://www.angelsolutionsatl.com/insurancesolutions/allages,true,standard,2026-07-10T04:30:41.774207Z,Discovered from sitemap
https://www.angelsolutionsatl.com/insurancesolutions/copy-of-65-medicare-final-expense,Life Insurance All Ages | Angel Solutions ATL,200,https://www.angelsolutionsatl.com/insurancesolutions/copy-of-65-medicare-final-expense,true,standard,2026-07-10T04:30:43.602809Z,Discovered from sitemap
https://www.angelsolutionsatl.com/book-online,Request a Consultation | Angel Solutions ATL,200,https://www.angelsolutionsatl.com/book-online,true,standard,2026-07-10T04:30:44.268829Z,Discovered from sitemap
https://www.angelsolutionsatl.com/privacypolicy,Privacy Policy | Angel Solutions ATL,200,https://www.angelsolutionsatl.com/privacypolicy,true,legal,2026-07-10T04:30:46.521915Z,Discovered from sitemap
https://www.angelsolutionsatl.com/shop,Ebooks & More | Angel Solutions ATL,200,https://www.angelsolutionsatl.com/shop,true,standard,2026-07-10T04:30:48.534054Z,Discovered from sitemap
